Column,entry_index,year,country,local_branch,Schengen_processed_applications,Schengen_withdrawn_applications,Schengen_granted_applications,Schengen_rejected_applications,Schengen_share_rejected,GER_processed_applications,GER_withdrawn_applications,GER_granted_applications,GER_rejected_applications,GER_share_rejected
0,0,2014,Afghanistan,Kabul,2447,24,1367,1056,43.15,2419,19,2245,155,6.41
1,1,2014,Ägypten,Kairo,27324,98,25415,1811,6.63,4029,110,3688,231,5.73
2,2,2014,Albanien,Tirana,45,1,43,1,2.22,1037,21,850,166,16.01
3,3,2014,Algerien,Algier,5967,36,4489,1442,24.17,777,9,657,111,14.29
4,4,2014,Angola,Luanda,2706,23,1916,767,28.34,47,2,44,1,2.13
5,5,2014,Argentinien,Buenos Aires,174,6,166,2,1.15,830,20,781,29,3.49
6,6,2014,Armenien,Eriwan,13975,321,12374,1280,9.16,758,47,626,85,11.21
7,7,2014,Aserbaidschan,Baku,16331,30,15604,697,4.27,765,22,672,71,9.28
8,8,2014,Äthiopien,Addis Abeba,3731,53,2728,950,25.46,469,13,393,63,13.43
9,9,2014,Australien,Canberra,29,3,26,0,0.0,64,4,60,0,0.0
10,10,2014,Australien,Sydney,2,0,1,1,50.0,446,11,423,12,2.69
11,11,2014,Gesamt Australien,,31,3,27,1,3.23,510,15,483,12,2.35
12,12,2014,Bahrain,Manama,7410,35,7306,69,0.93,63,3,55,5,7.94
13,13,2014,Bangladesch,Dhaka,3706,5,3172,529,14.27,1550,13,779,758,48.9
14,14,2014,Belgien,Brüssel,7,0,7,0,0.0,204,14,190,0,0.0
15,15,2014,Benin,Cotonou,1272,3,1038,231,18.16,156,5,139,12,7.69
16,16,2014,Bolivien,La Paz,1388,9,1364,15,1.08,265,4,252,9,3.4
17,17,2014,Bosnien und Herzegowina,Sarajewo,161,2,157,2,1.24,7244,265,6327,652,9.0
18,18,2014,Botsuana,Gaborone,981,4,958,19,1.94,30,0,28,2,6.67
19,19,2014,Brasilien,Porto Alegre,20,0,19,1,5.0,226,6,209,11,4.87
20,20,2014,Brasilien,Recife,30,1,26,3,10.0,109,3,100,6,5.5
21,21,2014,Brasilien,Rio de Janeiro,66,1,65,0,0.0,304,25,267,12,3.95
22,22,2014,Brasilien,São Paulo,255,27,208,20,7.84,856,51,779,26,3.04
23,23,2014,Gesamt Brasilien,,371,29,318,24,6.47,1495,85,1355,55,3.68
24,24,2014,Bulgarien,Sofia,775,7,739,29,3.74,113,0,92,21,18.58
25,25,2014,Burkina Faso,Ouagadougou,1319,5,1085,229,17.36,149,2,111,36,24.16
26,26,2014,Chile,Santiago de Chile,130,6,118,6,4.62,875,16,831,28,3.2
27,27,2014,China,Chengdu,12888,70,12365,453,3.51,1262,7,1208,47,3.72
28,28,2014,China,Hongkong,2195,6,2189,0,0.0,864,22,832,10,1.16
29,29,2014,China,Kanton,54376,108,52331,1937,3.56,1932,19,1847,66,3.42
30,30,2014,China,Peking,122598,144,115642,6812,5.56,10109,94,9442,573,5.67
31,31,2014,China,Shanghai,126337,187,122293,3857,3.05,7632,44,7246,342,4.48
32,32,2014,Gesamt China,,318394,515,304820,13059,4.1,21799,186,20575,1038,4.76
33,33,2014,Costa Rica,San José,78,1,77,0,0.0,239,5,229,5,2.09
34,34,2014,Côte d'Ivoire,Abidjan,1256,8,958,290,23.09,200,0,148,52,26.0
35,35,2014,Dänemark,Kopenhagen,0,0,0,0,,137,2,124,11,8.03
36,36,2014,Dominikanische Republik,Santo Domingo,2654,8,1893,753,28.37,560,14,439,107,19.11
37,37,2014,Ecuador,Quito,4184,35,4048,101,2.41,476,9,455,12,2.52
38,38,2014,El Salvador,San Salvador,9,0,9,0,0.0,39,0,38,1,2.56
39,39,2014,Estland,Tallinn,8,0,8,0,0.0,15,1,14,0,0.0
40,40,2014,Finnland,Helsinki,0,0,0,0,,172,6,161,5,2.91
41,41,2014,Frankreich,Paris,43,3,40,0,0.0,888,9,876,3,0.34
42,42,2014,Georgien,Tiflis,16739,50,15796,893,5.33,1532,22,1305,205,13.38
43,43,2014,Ghana,Accra,4896,7,3517,1372,28.02,793,11,573,209,26.36
44,44,2014,Griechenland,Athen,5,0,4,1,20.0,164,0,144,20,12.2
45,45,2014,Großbritannien,Edinburgh,3502,105,3383,14,0.4,83,10,71,2,2.41
46,46,2014,Großbritannien,London,24948,49,24244,655,2.63,663,20,621,22,3.32
47,47,2014,Gesamt Großbritannien,,28450,154,27627,669,2.35,746,30,692,24,3.22
48,48,2014,Guatemala,Guatemala-Stadt,82,0,82,0,0.0,125,4,112,9,7.2
49,49,2014,Guinea,Conakry,1210,30,577,603,49.83,162,4,122,36,22.22
50,50,2014,Honduras,Tegucigalpa,19,0,19,0,0.0,37,1,36,0,0.0
51,51,2014,Indien,Bangalore,22564,6,20379,2179,9.66,8164,90,7765,309,3.78
52,52,2014,Indien,Chennai,14616,13,12686,1917,13.12,5019,49,4583,387,7.71
53,53,2014,Indien,Kalkutta,5027,16,4837,174,3.46,713,22,657,34,4.77
54,54,2014,Indien,Mumbai,38331,95,37065,1171,3.05,4055,67,3686,302,7.45
55,55,2014,Indien,New Delhi,29638,54,26300,3284,11.08,3378,59,2875,444,13.14
56,56,2014,Gesamt Indien,,110176,184,101267,8725,7.92,21329,287,19566,1476,6.92
57,57,2014,Indonesien,Jakarta,16623,82,16196,345,2.08,3173,33,2863,277,8.73
58,58,2014,Irak,Bagdad,4670,73,4456,141,3.02,254,3,241,10,3.94
59,59,2014,Irak,Erbil,6040,45,5742,253,4.19,1059,0,1055,4,0.38
60,60,2014,Gesamt Irak,,10710,118,10198,394,3.68,1313,3,1296,14,1.07
61,61,2014,Iran,Teheran,39721,221,35189,4311,10.85,3772,343,2755,674,17.87
62,62,2014,Irland,Dublin,1170,71,1049,50,4.27,76,9,61,6,7.89
63,63,2014,Island,Reykjavik,0,0,0,0,0,1,0,1,0,0.0
64,64,2014,Israel,Tel Aviv,759,11,744,4,0.53,257,22,228,7,2.72
65,65,2014,Italien,Rom,35,2,33,0,0.0,682,7,514,161,23.61
66,66,2014,Jamaika,Kingston,1325,16,1194,115,8.68,54,0,49,5,9.26
67,67,2014,Japan,Osaka-Kobe,640,19,612,9,1.41,346,6,340,0,0.0
68,68,2014,Japan,Tokyo,1231,1,1230,0,0.0,517,2,515,0,0.0
69,69,2014,Gesamt Japan,,1871,20,1842,9,0.48,863,8,855,0,0.0
70,70,2014,Jemen,Sanaa,1963,17,1818,128,6.52,340,7,283,50,14.71
71,71,2014,Jordanien,Amman,8524,87,7538,899,10.55,2644,85,2286,273,10.33
72,72,2014,Kambodscha,Phnom Penh,1617,10,1548,59,3.65,87,1,78,8,9.2
73,73,2014,Kamerun,Jaunde,3455,19,2770,666,19.28,2993,13,1756,1224,40.9
74,74,2014,Kanada,Toronto,1578,37,1521,20,1.27,624,31,575,18,2.88
75,75,2014,Kanada,Vancouver,874,10,863,1,0.11,454,12,436,6,1.32
76,76,2014,Gesamt Kanada,,2452,47,2384,21,0.86,1078,43,1011,24,2.23
77,77,2014,Kasachstan,Almaty,20634,55,20198,381,1.85,781,19,716,46,5.89
78,78,2014,Kasachstan,Astana,22154,159,21640,355,1.6,2606,25,2484,97,3.72
79,79,2014,Gesamt Kasachstan,,42788,214,41838,736,1.72,3387,44,3200,143,4.22
80,80,2014,Katar,Doha,26534,71,25489,974,3.67,133,2,106,25,18.8
81,81,2014,Kenia,Nairobi,4795,22,3628,1145,23.88,1087,19,773,295,27.14
82,82,2014,Kirgisistan,Bischkek,8480,123,7721,636,7.5,591,2,469,120,20.3
83,83,2014,Kolumbien,Bogotá,11000,51,10570,379,3.45,2288,43,2131,114,4.98
84,84,2014,Kongo,Kinshasa,137,2,130,5,3.65,126,1,111,14,11.11
85,85,2014,Korea,Seoul,536,10,516,10,1.87,2032,43,1986,3,0.15
86,86,2014,"Korea, DVR",Pjöngjang,260,1,249,10,3.85,20,0,20,0,0.0
87,87,2014,Kosovo,Pristina,28924,41,23531,5352,18.5,4586,53,3619,914,19.93
88,88,2014,Kroatien,Zagreb,180,2,177,1,0.56,38,0,28,10,26.32
89,89,2014,Kuba,Havanna,3788,37,3056,695,18.35,531,28,444,59,11.11
90,90,2014,Kuwait,Kuwait,49444,50,47820,1574,3.18,243,12,143,88,36.21
91,91,2014,Laos,Vientiane,981,1,952,28,2.85,34,0,33,1,2.94
92,92,2014,Lettland,Riga,9,0,9,0,0.0,120,3,99,18,15.0
93,93,2014,Libanon,Beirut,8868,113,7350,1405,15.84,19429,335,18487,607,3.12
94,94,2014,Libyen,Tripolis,4638,160,3923,555,11.97,573,36,486,51,8.9
95,95,2014,Litauen,Wilna,0,0,0,0,,47,0,41,6,12.77
96,96,2014,Luxemburg,Luxemburg,0,0,0,0,,70,8,60,2,2.86
97,97,2014,Malaysia,Kuala Lumpur,716,11,637,68,9.5,889,14,856,19,2.14
98,98,2014,Mali,Bamako,731,5,527,199,27.22,40,0,38,2,5.0
99,99,2014,Malta,Valletta,5,0,4,1,20.0,10,0,9,1,10.0
100,100,2014,Marokko,Rabat,14149,40,12355,1754,12.4,3278,29,2416,833,25.41
101,101,2014,Mauretanien,Nouakchott,718,0,551,167,23.26,50,2,43,5,10.0
102,102,2014,Mazedonien,Skopje,61,0,61,0,0.0,1736,1,1380,355,20.45
103,103,2014,Mexiko,Mexiko-Stadt,335,11,318,6,1.79,4760,72,4538,150,3.15
104,104,2014,Moldau,Chisinau,2047,6,1996,45,2.2,475,7,422,46,9.68
105,105,2014,Mongolei,Ulan Bator,9772,135,9076,561,5.74,350,8,297,45,12.86
106,106,2014,Montenegro,Podgorica,197,4,177,16,8.12,256,7,193,56,21.88
107,107,2014,Mosambik,Maputo,843,30,726,87,10.32,54,2,47,5,9.26
108,108,2014,Myanmar,Rangun,2631,13,2582,36,1.37,67,1,65,1,1.49
109,109,2014,Namibia,Windhuk,5531,127,5369,35,0.63,102,6,89,7,6.86
110,110,2014,Nepal,Kathmandu,3848,18,3394,436,11.33,966,16,858,92,9.52
111,111,2014,Neuseeland,Wellington,363,1,348,14,3.86,154,7,147,0,0.0
112,112,2014,Nicaragua,Managua,18,0,18,0,0.0,81,0,80,1,1.23
113,113,2014,Niederlande,Amsterdam,21,0,20,1,4.76,446,3,436,7,1.57
114,114,2014,Nigeria,Abuja,1520,32,1442,46,3.03,57,0,52,5,8.77
115,115,2014,Nigeria,Lagos,13950,118,9607,4225,30.29,1172,32,843,297,25.34
116,116,2014,Gesamt Nigeria,,15470,150,11049,4271,27.61,1229,32,895,302,24.57
117,117,2014,Norwegen,Oslo,0,0,0,0,0,49,1,48,0,0.0
118,118,2014,Oman,Maskat,9397,15,9351,31,0.33,83,7,76,0,0.0
119,119,2014,Österreich,Wien,4,0,4,0,0.0,480,13,427,40,8.33
120,120,2014,Pakistan,Islamabad,7237,18,5401,1818,25.12,3299,37,2653,609,18.46
121,121,2014,Pakistan,Karachi,6997,38,5659,1300,18.58,525,12,441,72,13.71
122,122,2014,Gesamt Pakistan,,14234,56,11060,3118,21.91,3824,49,3094,681,17.81
123,123,2014,Palästinensische Gebiete,Ramallah,3538,24,3323,191,5.4,895,18,732,145,16.2
124,124,2014,Panama,Panama,242,5,236,1,0.41,68,5,62,1,1.47
125,125,2014,Paraguay,Asunción,18,0,18,0,0.0,203,3,193,7,3.45
126,126,2014,Peru,Lima,6122,35,5974,113,1.85,734,27,651,56,7.63
127,127,2014,Philippinen,Manila,13993,30,12962,1001,7.15,2052,55,1769,228,11.11
128,128,2014,Polen,Warschau,4,0,4,0,0.0,419,7,391,21,5.01
129,129,2014,Portugal,Lissabon,24,0,24,0,0.0,99,0,91,8,8.08
130,130,2014,Ruanda,Kigali,69,0,63,6,8.7,105,4,84,17,16.19
131,131,2014,Rumänien,Bukarest,383,20,335,28,7.31,103,2,77,24,23.3
132,132,2014,Russische Föderation,Jekaterinburg,35008,125,34200,683,1.95,1283,21,1164,98,7.64
133,133,2014,Russische Föderation,Kaliningrad,43239,44,42770,425,0.98,611,16,555,40,6.55
134,134,2014,Russische Föderation,Moskau,268754,866,261179,6709,2.5,7766,139,7135,492,6.34
135,135,2014,Russische Föderation,Nowosibirsk,48610,39,46314,2257,4.64,2267,29,2133,105,4.63
136,136,2014,Russische Föderation,St Petersburg,32277,15,31946,316,0.98,2087,15,1953,119,5.7
137,137,2014,Gesamt Russische Föderation,,427888,1089,416409,10390,2.43,14014,220,12940,854,6.09
138,138,2014,Sambia,Lusaka,894,31,833,30,3.36,83,0,77,6,7.23
139,139,2014,Saudi-Arabien,Djidda,14147,25,13900,222,1.57,233,13,203,17,7.3
140,140,2014,Saudi-Arabien,Riad,45423,132,43558,1733,3.82,1325,53,875,397,29.96
141,141,2014,Gesamt Saudi-Arabien,,59570,157,57458,1955,3.28,1558,66,1078,414,26.57
142,142,2014,Schweden,Stockholm,1,0,1,0,0.0,204,6,178,20,9.8
143,143,2014,Schweiz,Bern,4,0,4,0,0.0,486,49,424,13,2.67
144,144,2014,Senegal,Dakar,2935,17,1883,1035,35.26,452,2,319,131,28.98
145,145,2014,Serbien,Belgrad,1637,32,1577,28,1.71,5223,122,4386,715,13.69
146,146,2014,Simbabwe,Harare,1111,24,1056,31,2.79,144,7,123,14,9.72
147,147,2014,Singapur,Singapur,3658,41,3582,35,0.96,1036,42,968,26,2.51
148,148,2014,Slowakei,Pressburg,0,0,0,0,,16,0,15,1,6.25
149,149,2014,Slowenien,Laibach,1,0,1,0,0.0,5001,0,4887,114,2.28
150,150,2014,Spanien,Madrid,6,0,6,0,0.0,436,16,331,89,20.41
151,151,2014,Sri Lanka,Colombo,5133,57,4407,669,13.03,587,9,506,72,12.27
152,152,2014,Südafrika,Kapstadt,9861,19,9798,44,0.45,332,8,317,7,2.11
153,153,2014,Südafrika,Pretoria,19332,42,19189,101,0.52,524,11,471,42,8.02
154,154,2014,Gesamt Südafrika,,29193,61,28987,145,0.5,856,19,788,49,5.72
155,155,2014,Sudan,Khartum,1300,26,1053,221,17.0,229,1,196,32,13.97
156,156,2014,Tadschikistan,Duschanbe,3556,30,3483,43,1.21,295,21,255,19,6.44
157,157,2014,Taiwan,Taipei,169,4,164,1,0.59,1751,52,1682,17,0.97
158,158,2014,Tansania,Daressalam,2572,17,2478,77,2.99,517,6,470,41,7.93
159,159,2014,Thailand,Bangkok,44563,100,43148,1315,2.95,2911,15,2711,185,6.36
160,160,2014,Togo,Lomé,776,9,708,59,7.6,368,7,303,58,15.76
161,161,2014,Trinidad und Tobago,Port-of-Spain,2558,2,2554,2,0.08,57,0,54,3,5.26
162,162,2014,Tschechische Republik,Prag,7,0,7,0,0.0,178,2,152,24,13.48
163,163,2014,Tunesien,Tunis,12510,120,11397,993,7.94,3836,107,3150,579,15.09
164,164,2014,Türkei,Ankara,58224,563,51740,5921,10.17,12653,351,11082,1220,9.64
165,165,2014,Türkei,Istanbul,105930,231,101111,4588,4.33,10141,78,9471,592,5.84
166,166,2014,Türkei,Izmir,32925,47,31748,1130,3.43,3597,46,3235,316,8.79
167,167,2014,Gesamt Türkei,,197079,841,184599,11639,5.91,26391,475,23788,2128,8.06
168,168,2014,Turkmenistan,Aschgabat,4306,38,4210,58,1.35,142,2,117,23,16.2
169,169,2014,Uganda,Kampala,2211,20,1823,368,16.64,222,5,167,50,22.52
170,170,2014,Ukraine,Kiew,101877,335,96868,4674,4.59,8085,87,7356,642,7.94
171,171,2014,Ungarn,Budapest,2,0,2,0,0.0,88,1,72,15,17.05
172,172,2014,Uruguay,Montevideo,15,0,15,0,0.0,63,0,62,1,1.59
173,173,2014,USA,Atlanta,1283,7,1275,1,0.08,176,10,165,1,0.57
174,174,2014,USA,Boston,1284,2,1277,5,0.39,102,3,99,0,0.0
175,175,2014,USA,Chicago,2614,28,2574,12,0.46,265,18,236,11,4.15
176,176,2014,USA,Houston,1737,13,1699,25,1.44,131,4,122,5,3.82
177,177,2014,USA,Los Angeles,1752,22,1721,9,0.51,173,5,166,2,1.16
178,178,2014,USA,Miami,972,9,961,2,0.21,55,9,41,5,9.09
179,179,2014,USA,New York,3546,81,3449,16,0.45,341,22,310,9,2.64
180,180,2014,USA,San Francisco,2591,21,2559,11,0.42,148,11,134,3,2.03
181,181,2014,USA,Washington,966,5,956,5,0.52,535,3,528,4,0.75
182,182,2014,Gesamt USA,,16745,188,16471,86,0.51,1926,85,1801,40,2.08
183,183,2014,Usbekistan,Taschkent,6958,69,6210,679,9.76,559,12,437,110,19.68
184,184,2014,VAE,Abu Dhabi,26139,120,25098,921,3.52,326,9,284,33,10.12
185,185,2014,VAE,Dubai,56887,108,52040,4739,8.33,607,2,444,161,26.52
186,186,2014,Gesamt VAE,,83026,228,77138,5660,6.82,933,11,728,194,20.79
187,187,2014,Venezuela,Caracas,887,35,846,6,0.68,483,24,426,33,6.83
188,188,2014,Vietnam,Hanoi,8565,69,7401,1095,12.78,2202,49,1855,298,13.53
189,189,2014,Vietnam,Ho-Chi-Minh-Stadt,6402,25,5747,630,9.84,991,25,839,127,12.82
190,190,2014,Gesamt Vietnam,,14967,94,13148,1725,11.53,3193,74,2694,425,13.31
191,191,2014,Weißrussland,Minsk,70065,134,69753,178,0.25,1351,16,1239,96,7.11
192,192,2014,Zypern,Nikosia,1540,12,1411,117,7.6,37,2,31,4,10.81
193,193,2014,Gesamt,Welt,2065245,7861,1946847,110537,5.35,233634,4440,207894,21300,9.12
194,0,2015,Afghanistan,Kabul,2251,28,1145,1078,47.89,2408,26,2204,178,7.39
195,1,2015,Ägypten,Kairo,32603,120,30179,2304,7.07,5830,166,5314,350,6.0
196,2,2015,Albanien,Tirana,92,0,88,4,4.35,1580,32,1221,327,20.7
197,3,2015,Algerien,Algier,6081,21,4545,1515,24.91,893,13,773,107,11.98
198,4,2015,Angola,Luanda,2047,19,1299,729,35.61,30,1,27,2,6.67
199,5,2015,Argentinien,Buenos Aires,144,8,136,0,0.0,853,35,796,22,2.58
200,6,2015,Armenien,Eriwan,14038,321,12421,1296,9.23,836,31,726,79,9.45
201,7,2015,Aserbaidschan,Baku,15706,40,14954,712,4.53,802,31,675,96,11.97
202,8,2015,Äthiopien,Addis Abeba,3660,28,3140,492,13.44,601,6,513,82,13.64
203,9,2015,Australien,Canberra,12,2,10,0,0.0,44,1,42,1,2.27
204,10,2015,Australien,Sydney,11,2,8,1,9.09,462,11,436,15,3.25
205,11,2015,Gesamt Australien,,23,4,18,1,4.35,506,12,478,16,3.16
206,12,2015,Bahrain,Manama,7692,26,7576,90,1.17,93,6,82,5,5.38
207,13,2015,Bangladesch,Dhaka,4538,6,3684,848,18.69,702,6,574,122,17.38
208,14,2015,Belgien,Brüssel,5,0,5,0,0.0,235,7,177,51,21.7
209,15,2015,Benin,Cotonou,1314,10,845,459,34.93,147,2,131,14,9.52
210,16,2015,Bolivien,La Paz,1510,9,1473,28,1.85,311,21,283,7,2.25
211,17,2015,Bosnien und Herzegowina,Sarajewo,163,15,141,7,4.29,8630,356,7413,861,9.98
212,18,2015,Botsuana,Gaborone,1070,1,1059,10,0.93,17,0,17,0,0.0
213,19,2015,Brasilien,Porto Alegre,14,1,11,2,14.29,239,10,220,9,3.77
214,20,2015,Brasilien,Recife,27,1,25,1,3.7,173,10,149,14,8.09
215,21,2015,Brasilien,Rio de Janeiro,75,1,68,6,8.0,313,12,291,10,3.19
216,22,2015,Brasilien,São Paulo,205,2,182,21,10.24,1025,11,985,29,2.83
217,23,2015,Gesamt Brasilien,,321,5,286,30,9.35,1750,43,1645,62,3.54
218,24,2015,Bulgarien,Sofia,885,6,785,94,10.62,120,1,91,28,23.33
219,25,2015,Burkina Faso,Ouagadougou,1238,7,1044,187,15.11,130,0,110,20,15.38
220,26,2015,Chile,Santiago de Chile,184,17,167,0,0.0,1274,71,1155,48,3.77
221,27,2015,China,Chengdu,16504,60,15686,758,4.59,1464,6,1408,50,3.42
222,28,2015,China,Hongkong,2172,1,2166,5,0.23,927,21,893,13,1.4
223,29,2015,China,Kanton,63187,88,61490,1609,2.55,2280,23,2191,66,2.89
224,30,2015,China,Peking,133589,126,126171,7292,5.46,10883,57,10312,514,4.72
225,31,2015,China,Shanghai,149105,144,145910,3051,2.05,7995,59,7684,252,3.15
226,32,2015,China,Shenyang,6131,8,5934,189,3.08,22,1,21,0,0.0
227,33,2015,Gesamt China,,370688,427,357357,12904,3.48,23571,167,22509,895,3.8
228,34,2015,Costa Rica,San José,78,0,78,0,0.0,317,8,302,7,2.21
229,35,2015,Côte d'Ivoire,Abidjan,1304,10,1001,293,22.47,188,1,139,48,25.53
230,36,2015,Dänemark,Kopenhagen,2,0,2,0,0.0,147,4,128,15,10.2
231,37,2015,Dominikanische Republik,Santo Domingo,2729,4,1833,892,32.69,573,5,450,118,20.59
232,38,2015,Ecuador,Quito,4858,51,4456,351,7.23,604,14,559,31,5.13
233,39,2015,El Salvador,San Salvador,10,0,10,0,0.0,34,0,34,0,0.0
234,40,2015,Estland,Tallinn,0,0,0,0,,35,1,29,5,14.29
235,41,2015,Finnland,Helsinki,1,0,1,0,0.0,194,6,180,8,4.12
236,42,2015,Frankreich,Paris,34,0,34,0,0.0,1093,3,957,133,12.17
237,43,2015,Georgien,Tiflis,17413,87,16674,652,3.74,1831,25,1628,178,9.72
238,44,2015,Ghana,Accra,5218,13,3343,1862,35.68,860,14,608,238,27.67
239,45,2015,Griechenland,Athen,4,0,4,0,0.0,307,11,255,41,13.36
240,46,2015,Großbritannien,Edinburgh,3638,78,3550,10,0.27,89,5,79,5,5.62
241,47,2015,Großbritannien,London,25501,30,24982,489,1.92,686,20,652,14,2.04
242,48,2015,Gesamt Großbritannien,,29139,108,28532,499,1.71,775,25,731,19,2.45
243,49,2015,Guatemala,Guatemala-Stadt,89,2,87,0,0.0,133,2,130,1,0.75
244,50,2015,Guinea,Conakry,1588,24,981,583,36.71,200,6,139,55,27.5
245,51,2015,Honduras,Tegucigalpa,27,0,27,0,0.0,37,0,35,2,5.41
246,52,2015,Indien,Bangalore,25710,16,24230,1464,5.69,8625,110,8292,223,2.59
247,53,2015,Indien,Chennai,16294,9,14759,1526,9.37,5078,38,4815,225,4.43
248,54,2015,Indien,Kalkutta,5988,26,5667,295,4.93,704,12,670,22,3.13
249,55,2015,Indien,Mumbai,41154,482,39401,1271,3.09,4393,83,4008,302,6.87
250,56,2015,Indien,New Delhi,32933,53,30278,2602,7.9,3612,104,3282,226,6.26
251,57,2015,Gesamt Indien,,122079,586,114335,7158,5.86,22412,347,21067,998,4.45
252,58,2015,Indonesien,Jakarta,19917,65,19667,185,0.93,2985,37,2743,205,6.87
253,59,2015,Irak,Bagdad,4656,65,4204,387,8.31,202,2,194,6,2.97
254,60,2015,Irak,Erbil,7060,50,6862,148,2.1,3758,2,3733,23,0.61
255,61,2015,Gesamt Irak,,11716,115,11066,535,4.57,3960,4,3927,29,0.73
256,62,2015,Iran,Teheran,45597,142,40557,4898,10.74,4446,423,3432,591,13.29
257,63,2015,Irland,Dublin,1215,25,1168,22,1.81,79,6,70,3,3.8
258,64,2015,Island,Reykjavik,0,0,0,0,0,3,0,3,0,0
259,65,2015,Israel,Tel Aviv,926,29,889,8,0.86,270,41,212,17,6.3
260,66,2015,Italien,Rom,46,0,45,1,2.17,825,11,645,169,20.48
261,67,2015,Jamaika,Kingston,1355,12,1238,105,7.75,59,2,52,5,8.47
262,68,2015,Japan,Osaka-Kobe,759,8,730,21,2.77,387,10,372,5,1.29
263,69,2015,Japan,Tokyo,1411,2,1409,0,0.0,552,6,546,0,0.0
264,70,2015,Gesamt Japan,,2170,10,2139,21,0.97,939,16,918,5,0.53
265,71,2015,Jordanien,Amman,8950,51,7722,1177,13.15,4239,87,3719,433,10.21
266,72,2015,Kambodscha,Phnom Penh,1946,32,1856,58,2.98,80,0,71,9,11.25
267,73,2015,Kamerun,Jaunde,3417,10,2707,700,20.49,2539,8,1456,1075,42.34
268,74,2015,Kanada,Toronto,1575,31,1521,23,1.46,779,16,742,21,2.7
269,75,2015,Kanada,Vancouver,0,0,0,0,0,245,0,245,0,0.0
270,76,2015,Gesamt Kanada,,1575,31,1521,23,1.46,1024,16,987,21,2.05
271,77,2015,Kasachstan,Almaty,18536,19,18259,258,1.39,755,13,686,56,7.42
272,78,2015,Kasachstan,Astana,22030,82,21728,220,1.0,2525,52,2372,101,4.0
273,79,2015,Gesamt Kasachstan,,40566,101,39987,478,1.18,3280,65,3058,157,4.79
274,80,2015,Katar,Doha,25698,101,24690,907,3.53,178,14,120,44,24.72
275,81,2015,Kenia,Nairobi,5341,38,4220,1083,20.28,1273,15,924,334,26.24
276,82,2015,Kirgisistan,Bischkek,8487,140,7506,841,9.91,590,15,457,118,20.0
277,83,2015,Kolumbien,Bogotá,9681,57,9332,292,3.02,2624,56,2334,234,8.92
278,84,2015,Kongo,Kinshasa,114,6,104,4,3.51,98,1,95,2,2.04
279,85,2015,Korea,Seoul,640,11,598,31,4.84,2591,54,2530,7,0.27
280,86,2015,"Korea, DVR",Pjöngjang,191,3,180,8,4.19,28,1,23,4,14.29
281,87,2015,Kosovo,Pristina,31304,41,24863,6400,20.44,4479,77,3349,1053,23.51
282,88,2015,Kroatien,Zagreb,150,4,146,0,0.0,59,0,57,2,3.39
283,89,2015,Kuba,Havanna,4048,22,3350,676,16.7,614,21,525,68,11.07
284,90,2015,Kuwait,Kuwait,60272,60,58707,1505,2.5,411,9,210,192,46.72
285,91,2015,Laos,Vientiane,1338,0,1331,7,0.52,37,0,37,0,0.0
286,92,2015,Lettland,Riga,0,0,0,0,,131,2,101,28,21.37
287,93,2015,Libanon,Beirut,9445,58,7609,1778,18.82,23693,511,21566,1616,6.82
288,94,2015,Litauen,Wilna,1,0,1,0,0.0,67,0,63,4,5.97
289,95,2015,Luxemburg,Luxemburg,0,0,0,0,,42,3,38,1,2.38
290,96,2015,Malaysia,Kuala Lumpur,677,18,610,49,7.24,876,22,828,26,2.97
291,97,2015,Mali,Bamako,726,4,513,209,28.79,70,3,57,10,14.29
292,98,2015,Malta,Valletta,4,0,4,0,0.0,21,1,15,5,23.81
293,99,2015,Marokko,Rabat,15604,32,14049,1523,9.76,3893,18,3031,844,21.68
294,100,2015,Mauretanien,Nouakchott,741,0,555,186,25.1,67,0,58,9,13.43
295,101,2015,Mazedonien,Skopje,63,1,62,0,0.0,2005,2,1581,422,21.05
296,102,2015,Mexiko,Mexiko-Stadt,317,4,311,2,0.63,4433,51,4242,140,3.16
297,103,2015,Moldau,Chisinau,384,1,379,4,1.04,452,15,395,42,9.29
298,104,2015,Mongolei,Ulan Bator,10795,122,9911,762,7.06,424,26,357,41,9.67
299,105,2015,Montenegro,Podgorica,226,1,209,16,7.08,313,1,259,53,16.93
300,106,2015,Mosambik,Maputo,1088,15,990,83,7.63,68,2,56,10,14.71
301,107,2015,Myanmar,Rangun,2927,8,2895,24,0.82,75,0,70,5,6.67
302,108,2015,Namibia,Windhuk,5868,80,5762,26,0.44,157,13,112,32,20.38
303,109,2015,Nepal,Kathmandu,4505,24,3941,540,11.99,1125,36,932,157,13.96
304,110,2015,Neuseeland,Wellington,349,6,340,3,0.86,148,4,142,2,1.35
305,111,2015,Nicaragua,Managua,10,0,9,1,10.0,91,2,84,5,5.49
306,112,2015,Niederlande,Amsterdam,23,0,23,0,0.0,432,7,415,10,2.31
307,113,2015,Nigeria,Abuja,1120,21,1059,40,3.57,26,2,23,1,3.85
308,114,2015,Nigeria,Lagos,13577,9,9048,4520,33.29,1132,65,918,149,13.16
309,115,2015,Gesamt Nigeria,,14697,30,10107,4560,31.03,1158,67,941,150,12.95
310,116,2015,Norwegen,Oslo,0,0,0,0,0,81,2,77,2,2.47
311,117,2015,Oman,Maskat,9686,12,9404,270,2.79,169,0,127,42,24.85
312,118,2015,Österreich,Wien,16,0,16,0,0.0,570,18,499,53,9.3
313,119,2015,Pakistan,Islamabad,7663,64,5649,1950,25.45,2992,30,2440,522,17.45
314,120,2015,Pakistan,Karachi,8348,90,6934,1324,15.86,691,9,595,87,12.59
315,121,2015,Gesamt Pakistan,,16011,154,12583,3274,20.45,3683,39,3035,609,16.54
316,122,2015,Palästinensische Gebiete,Ramallah,3525,49,3198,278,7.89,997,31,761,205,20.56
317,123,2015,Panama,Panama,273,6,263,4,1.47,88,5,82,1,1.14
318,124,2015,Paraguay,Asunción,18,0,18,0,0.0,207,9,187,11,5.31
319,125,2015,Peru,Lima,6438,42,6273,123,1.91,843,39,755,49,5.81
320,126,2015,Philippinen,Manila,14217,48,13003,1166,8.2,2541,21,2223,297,11.69
321,127,2015,Polen,Warschau,6,0,6,0,0.0,510,7,467,36,7.06
322,128,2015,Portugal,Lissabon,8,0,8,0,0.0,72,0,72,0,0.0
323,129,2015,Ruanda,Kigali,123,3,118,2,1.63,82,2,74,6,7.32
324,130,2015,Rumänien,Bukarest,392,10,375,7,1.79,95,5,73,17,17.89
325,131,2015,Russische Föderation,Jekaterinburg,25313,88,24814,411,1.62,1156,14,1044,98,8.48
326,132,2015,Russische Föderation,Kaliningrad,28954,49,28200,705,2.43,660,15,613,32,4.85
327,133,2015,Russische Föderation,Moskau,188855,812,182367,5676,3.01,8110,204,7478,428,5.28
328,134,2015,Russische Föderation,Nowosibirsk,33073,25,32125,923,2.79,2298,21,2196,81,3.52
329,135,2015,Russische Föderation,St Petersburg,23263,16,23123,124,0.53,2172,24,2074,74,3.41
330,136,2015,Gesamt Russische Föderation,,299458,990,290629,7839,2.62,14396,278,13405,713,4.95
331,137,2015,Sambia,Lusaka,805,11,772,22,2.73,80,5,68,7,8.75
332,138,2015,Saudi-Arabien,Djidda,18204,15,18082,107,0.59,313,12,260,41,13.1
333,139,2015,Saudi-Arabien,Riad,57398,247,55300,1851,3.22,1434,23,1006,405,28.24
334,140,2015,Gesamt Saudi-Arabien,,75602,262,73382,1958,2.59,1747,35,1266,446,25.53
335,141,2015,Schweden,Stockholm,0,0,0,0,,178,4,158,16,8.99
336,142,2015,Schweiz,Bern,8,1,7,0,0.0,557,16,495,46,8.26
337,143,2015,Senegal,Dakar,2758,26,1594,1138,41.26,492,3,400,89,18.09
338,144,2015,Serbien,Belgrad,1160,6,1113,41,3.53,7085,58,6251,776,10.95
339,145,2015,Simbabwe,Harare,1189,30,1128,31,2.61,215,17,182,16,7.44
340,146,2015,Singapur,Singapur,3948,13,3899,36,0.91,1124,27,1062,35,3.11
341,147,2015,Slowakei,Pressburg,0,0,0,0,,16,0,15,1,6.25
342,148,2015,Slowenien,Laibach,2,1,1,0,0.0,5556,59,5197,300,5.4
343,149,2015,Spanien,Madrid,49,0,49,0,0.0,397,13,324,60,15.11
344,150,2015,Sri Lanka,Colombo,5738,34,4924,780,13.59,567,11,473,83,14.64
345,151,2015,Südafrika,Kapstadt,8796,25,8697,74,0.84,287,4,273,10,3.48
346,152,2015,Südafrika,Pretoria,20924,84,20660,180,0.86,627,10,603,14,2.23
347,153,2015,Gesamt Südafrika,,29720,109,29357,254,0.85,914,14,876,24,2.63
348,154,2015,Sudan,Khartum,1811,22,1633,156,8.61,426,2,392,32,7.51
349,155,2015,Tadschikistan,Duschanbe,4035,51,3731,253,6.27,393,14,321,58,14.76
350,156,2015,Taiwan,Taipei,201,11,187,3,1.49,1856,62,1793,1,0.05
351,157,2015,Tansania,Daressalam,2529,13,2460,56,2.21,624,5,577,42,6.73
352,158,2015,Thailand,Bangkok,50248,49,49019,1180,2.35,3108,27,2890,191,6.15
353,159,2015,Togo,Lomé,1121,2,900,219,19.54,327,7,277,43,13.15
354,160,2015,Trinidad und Tobago,Port-of-Spain,1015,1,1012,2,0.2,49,1,46,2,4.08
355,161,2015,Tschechische Republik,Prag,11,0,7,4,36.36,284,2,253,29,10.21
356,162,2015,Tunesien,Tunis,16793,119,14381,2293,13.65,5173,55,3773,1345,26.0
357,163,2015,Türkei,Ankara,69040,189,63595,5256,7.61,17697,146,15429,2122,11.99
358,164,2015,Türkei,Istanbul,116577,206,111110,5261,4.51,13365,138,12075,1152,8.62
359,165,2015,Türkei,Izmir,37147,50,35681,1416,3.81,4461,41,4028,392,8.79
360,166,2015,Gesamt Türkei,,222764,445,210386,11933,5.36,35523,325,31532,3666,10.32
361,167,2015,Turkmenistan,Aschgabat,4626,41,4407,178,3.85,153,5,131,17,11.11
362,168,2015,Uganda,Kampala,2768,29,2472,267,9.65,332,13,255,64,19.28
363,169,2015,Ukraine,Kiew,98408,494,92079,5835,5.93,9123,112,8133,878,9.62
364,170,2015,Ungarn,Budapest,4,0,4,0,0.0,104,1,91,12,11.54
365,171,2015,Uruguay,Montevideo,28,2,26,0,0.0,97,1,92,4,4.12
366,172,2015,USA,Atlanta,1201,17,1175,9,0.75,161,20,134,7,4.35
367,173,2015,USA,Boston,1537,4,1531,2,0.13,148,6,141,1,0.68
368,174,2015,USA,Chicago,1857,28,1821,8,0.43,231,16,213,2,0.87
369,175,2015,USA,Houston,1708,22,1650,36,2.11,147,7,125,15,10.2
370,176,2015,USA,Los Angeles,1815,13,1798,4,0.22,184,6,170,8,4.35
371,177,2015,USA,Miami,965,8,954,3,0.31,70,5,64,1,1.43
372,178,2015,USA,New York,4025,109,3865,51,1.27,355,19,328,8,2.25
373,179,2015,USA,San Francisco,3038,20,2999,19,0.63,159,14,136,9,5.66
374,180,2015,USA,Washington,1058,8,1038,12,1.13,707,6,701,0,0.0
375,181,2015,Gesamt USA,,17204,229,16831,144,0.84,2162,99,2012,51,2.36
376,182,2015,Usbekistan,Taschkent,7805,27,7253,525,6.73,576,12,500,64,11.11
377,183,2015,VAE,Abu Dhabi,12405,78,11050,1277,10.29,455,18,335,102,22.42
378,184,2015,VAE,Dubai,37759,244,31220,6295,16.67,960,10,673,277,28.85
379,185,2015,Gesamt VAE,,50164,322,42270,7572,15.09,1415,28,1008,379,26.78
380,186,2015,Venezuela,Caracas,567,1,479,87,15.34,540,5,483,52,9.63
381,187,2015,Vietnam,Hanoi,9105,37,8253,815,8.95,2975,63,2299,613,20.61
382,188,2015,Vietnam,Ho-Chi-Minh-Stadt,8299,26,7667,606,7.3,1244,18,1063,163,13.1
383,189,2015,Gesamt Vietnam,,17404,63,15920,1421,8.16,4219,81,3362,776,18.39
384,190,2015,Weißrussland,Minsk,54774,93,54466,215,0.39,1476,8,1357,111,7.52
385,191,2015,Zypern,Nikosia,1702,10,1546,146,8.58,59,2,48,9,15.25
386,192,2015,Gesamt,Welt,2033068,7344,1911203,114521,5.63,269791,4855,239512,25424,9.42
387,0,2016,Afghanistan,Kabul,2730,41,1526,1163,42.6,2218,19,1956,243,10.96
388,1,2016,Ägypten,Kairo,32614,85,30589,1940,5.95,6246,116,5419,711,11.38
389,2,2016,Albanien,Tirana,75,1,73,1,1.33,4206,48,2925,1233,29.32
390,3,2016,Algerien,Algier,5697,29,3941,1727,30.31,793,4,626,163,20.55
391,4,2016,Angola,Luanda,1497,14,959,524,35.0,43,1,40,2,4.65
392,5,2016,Argentinien,Buenos Aires,86,2,83,1,1.16,1031,11,992,28,2.72
393,6,2016,Armenien,Eriwan,14648,132,13243,1273,8.69,952,13,854,85,8.93
394,7,2016,Aserbaidschan,Baku,12607,25,11371,1211,9.61,901,37,777,87,9.66
395,8,2016,Äthiopien,Addis Abeba,3441,9,2802,630,18.31,652,5,591,56,8.59
396,9,2016,Australien,Canberra,2,1,1,0,0.0,27,0,27,0,0.0
397,10,2016,Australien,Sydney,34,0,33,1,2.94,584,17,556,11,1.88
398,11,2016,Gesamt Australien,,36,1,34,1,2.78,611,17,583,11,1.8
399,12,2016,Bahrain,Manama,7738,18,7635,85,1.1,113,5,95,13,11.5
400,13,2016,Bangladesch,Dhaka,5067,9,4097,961,18.97,778,4,686,88,11.31
401,14,2016,Belgien,Brüssel,5,1,3,1,20.0,246,2,217,27,10.98
402,15,2016,Benin,Cotonou,689,15,437,237,34.4,125,6,93,26,20.8
403,16,2016,Bolivien,La Paz,1760,27,1697,36,2.05,316,23,283,10,3.16
404,17,2016,Bosnien und Herzegowina,Sarajewo,206,9,190,7,3.4,15078,227,13705,1146,7.6
405,18,2016,Botsuana,Gaborone,1342,4,1310,28,2.09,24,0,22,2,8.33
406,19,2016,Brasilien,Porto Alegre,12,0,11,1,8.33,420,9,392,19,4.52
407,20,2016,Brasilien,Recife,20,2,18,0,0.0,162,7,150,5,3.09
408,21,2016,Brasilien,Rio de Janeiro,42,0,41,1,2.38,357,19,326,12,3.36
409,22,2016,Brasilien,São Paulo,139,0,125,14,10.07,1143,8,1085,50,4.37
410,23,2016,Gesamt Brasilien,,213,2,195,16,7.51,2082,43,1953,86,4.13
411,24,2016,Bulgarien,Sofia,878,4,854,20,2.28,105,3,95,7,6.67
412,25,2016,Burkina Faso,Ouagadougou,1169,8,899,262,22.41,154,4,125,25,16.23
413,26,2016,Chile,Santiago de Chile,113,4,107,2,1.77,1340,45,1250,45,3.36
414,27,2016,China,Chengdu,18369,54,17518,797,4.34,1669,19,1591,59,3.54
415,28,2016,China,Hongkong,2184,1,2180,3,0.14,1019,15,970,34,3.34
416,29,2016,China,Kanton,75678,72,74123,1483,1.96,2500,14,2380,106,4.24
417,30,2016,China,Peking,126560,141,119836,6583,5.2,11287,89,10787,411,3.64
418,31,2016,China,Shanghai,157291,103,154461,2727,1.73,8827,65,8289,473,5.36
419,32,2016,China,Shenyang,17724,11,17358,355,2.0,119,2,112,5,4.2
420,33,2016,Gesamt China,,397806,382,385476,11948,3.0,25421,204,24129,1088,4.28
421,34,2016,Costa Rica,San José,50,3,47,0,0.0,342,29,303,10,2.92
422,35,2016,Côte d'Ivoire,Abidjan,1399,10,1105,284,20.3,206,3,150,53,25.73
423,36,2016,Dänemark,Kopenhagen,3,0,3,0,0.0,177,2,163,12,6.78
424,37,2016,Dominikanische Republik,Santo Domingo,2883,4,2159,720,24.97,549,3,452,94,17.12
425,38,2016,Ecuador,Quito,4755,23,4127,605,12.72,733,26,650,57,7.78
426,39,2016,El Salvador,San Salvador,4,0,4,0,0.0,48,3,43,2,4.17
427,40,2016,Estland,Tallinn,3,0,3,0,0.0,39,1,36,2,5.13
428,41,2016,Finnland,Helsinki,7,0,7,0,0.0,231,13,215,3,1.3
429,42,2016,Frankreich,Paris,19,0,19,0,0.0,950,2,943,5,0.53
430,43,2016,Georgien,Tiflis,16704,101,16042,561,3.36,1973,18,1790,165,8.36
431,44,2016,Ghana,Accra,5563,7,3600,1956,35.16,994,68,637,289,29.07
432,45,2016,Griechenland,Athen,3,0,3,0,0.0,1292,15,1204,73,5.65
433,46,2016,Großbritannien,Edinburgh,3321,85,3229,7,0.21,99,12,86,1,1.01
434,47,2016,Großbritannien,London,23633,40,23311,282,1.19,816,11,782,23,2.82
435,48,2016,Gesamt Großbritannien,,26954,125,26540,289,1.07,915,23,868,24,2.62
436,49,2016,Guatemala,Guatemala-Stadt,88,1,87,0,0.0,125,5,117,3,2.4
437,50,2016,Guinea,Conakry,2361,33,1116,1212,51.33,280,0,204,76,27.14
438,51,2016,Honduras,Tegucigalpa,11,0,11,0,0.0,42,0,42,0,0.0
439,52,2016,Indien,Bangalore,29624,25,28713,886,2.99,8513,83,8262,168,1.97
440,53,2016,Indien,Chennai,19121,13,17120,1988,10.4,5612,31,5325,256,4.56
441,54,2016,Indien,Kalkutta,6669,8,6343,318,4.77,883,26,809,48,5.44
442,55,2016,Indien,Mumbai,48840,163,46583,2094,4.29,4892,64,4525,303,6.19
443,56,2016,Indien,New Delhi,39364,96,35630,3638,9.24,3837,59,3583,195,5.08
444,57,2016,Gesamt Indien,,143618,305,134389,8924,6.21,23737,263,22504,970,4.09
445,58,2016,Indonesien,Jakarta,22796,36,22603,157,0.69,3684,43,3435,206,5.59
446,59,2016,Irak,Bagdad,4659,37,3824,798,17.13,149,0,135,14,9.4
447,60,2016,Irak,Erbil,12011,74,9708,2229,18.56,2393,50,1992,351,14.67
448,61,2016,Gesamt Irak,,16670,111,13532,3027,18.16,2542,50,2127,365,14.36
449,62,2016,Iran,Teheran,47466,184,42939,4343,9.15,5657,234,4644,779,13.77
450,63,2016,Irland,Dublin,1297,18,1250,29,2.24,87,5,76,6,6.9
451,64,2016,Island,Reykjavik,0,0,0,0,0,2,1,1,0,0.0
452,65,2016,Israel,Tel Aviv,973,35,929,9,0.92,396,53,315,28,7.07
453,66,2016,Italien,Rom,43,4,39,0,0.0,920,16,770,134,14.57
454,67,2016,Jamaika,Kingston,1217,7,1154,56,4.6,52,1,45,6,11.54
455,68,2016,Japan,Osaka-Kobe,735,12,697,26,3.54,383,7,372,4,1.04
456,69,2016,Japan,Tokyo,1515,8,1507,0,0.0,615,15,598,2,0.33
457,70,2016,Gesamt Japan,,2250,20,2204,26,1.16,998,22,970,6,0.6
458,71,2016,Jordanien,Amman,8207,44,7253,910,11.09,7828,69,7125,634,8.1
459,72,2016,Kambodscha,Phnom Penh,2154,8,2057,89,4.13,99,2,85,12,12.12
460,73,2016,Kamerun,Jaunde,3930,26,2829,1075,27.35,2708,18,1310,1380,50.96
461,74,2016,Kanada,Toronto,1797,35,1744,18,1.0,1077,32,1017,28,2.6
462,75,2016,Kanada,Vancouver,0,0,0,0,0,1,0,0,1,100.0
463,76,2016,Gesamt Kanada,,1797,35,1744,18,1.0,1078,32,1017,29,2.69
464,77,2016,Kasachstan,Almaty,16582,16,16226,340,2.05,937,4,891,42,4.48
465,78,2016,Kasachstan,Astana,18251,54,17901,296,1.62,2745,20,2614,111,4.04
466,79,2016,Gesamt Kasachstan,,34833,70,34127,636,1.83,3682,24,3505,153,4.16
467,80,2016,Katar,Doha,23980,113,23010,857,3.57,265,10,184,71,26.79
468,81,2016,Kenia,Nairobi,5841,53,4755,1033,17.69,1396,9,1057,330,23.64
469,82,2016,Kirgisistan,Bischkek,8066,92,7391,583,7.23,591,14,500,77,13.03
470,83,2016,Kolumbien,Bogotá,94,2,92,0,0.0,2627,40,2495,92,3.5
471,84,2016,Kongo,Kinshasa,176,2,173,1,0.57,114,4,109,1,0.88
472,85,2016,Korea,Seoul,622,3,584,35,5.63,2897,52,2842,3,0.1
473,86,2016,"Korea, DVR",Pjöngjang,106,0,89,17,16.04,5,0,5,0,0.0
474,87,2016,Kosovo,Pristina,26645,36,19849,6760,25.37,11249,98,8245,2906,25.83
475,88,2016,Kroatien,Zagreb,183,0,181,2,1.09,65,3,52,10,15.38
476,89,2016,Kuba,Havanna,4255,7,3504,744,17.49,573,5,505,63,10.99
477,90,2016,Kuwait,Kuwait,60636,68,58778,1790,2.95,435,26,236,173,39.77
478,91,2016,Laos,Vientiane,1402,1,1369,32,2.28,32,1,30,1,3.13
479,92,2016,Lettland,Riga,3,1,2,0,0.0,179,3,128,48,26.82
480,93,2016,Libanon,Beirut,10649,24,8849,1776,16.68,20684,164,18301,2219,10.73
481,94,2016,Litauen,Wilna,0,0,0,0,,57,5,44,8,14.04
482,95,2016,Luxemburg,Luxemburg,1,0,1,0,0.0,53,1,51,1,1.89
483,96,2016,Malaysia,Kuala Lumpur,739,3,658,78,10.55,1342,25,1207,110,8.2
484,97,2016,Mali,Bamako,802,5,596,201,25.06,57,2,44,11,19.3
485,98,2016,Malta,Valletta,1,0,1,0,0.0,24,2,18,4,16.67
486,99,2016,Marokko,Rabat,14791,22,12812,1957,13.23,4125,31,2835,1259,30.52
487,100,2016,Mauretanien,Nouakchott,635,0,480,155,24.41,80,3,45,32,40.0
488,101,2016,Mazedonien,Skopje,68,1,67,0,0.0,5073,4,4328,741,14.61
489,102,2016,Mexiko,Mexiko-Stadt,287,15,269,3,1.05,4476,69,4272,135,3.02
490,103,2016,Moldau,Chisinau,286,1,280,5,1.75,348,10,308,30,8.62
491,104,2016,Mongolei,Ulan Bator,9897,90,8707,1100,11.11,519,24,407,88,16.96
492,105,2016,Montenegro,Podgorica,276,2,263,11,3.99,1143,4,1013,126,11.02
493,106,2016,Mosambik,Maputo,1076,16,980,80,7.43,57,1,45,11,19.3
494,107,2016,Myanmar,Rangun,3362,8,3310,44,1.31,85,1,80,4,4.71
495,108,2016,Namibia,Windhuk,5530,121,5367,42,0.76,126,14,103,9,7.14
496,109,2016,Nepal,Kathmandu,4904,30,3922,952,19.41,1403,31,1063,309,22.02
497,110,2016,Neuseeland,Wellington,349,5,341,3,0.86,191,5,184,2,1.05
498,111,2016,Nicaragua,Managua,9,0,8,1,11.11,117,2,109,6,5.13
499,112,2016,Niederlande,Amsterdam,34,0,34,0,0.0,627,5,616,6,0.96
500,113,2016,Nigeria,Abuja,924,6,914,4,0.43,101,9,87,5,4.95
501,114,2016,Nigeria,Lagos,11473,7,6285,5181,45.16,1570,70,947,553,35.22
502,115,2016,Gesamt Nigeria,,12397,13,7199,5185,41.82,1671,79,1034,558,33.39
503,116,2016,Norwegen,Oslo,0,0,0,0,0,59,4,52,3,5.08
504,117,2016,Oman,Maskat,10236,5,9756,475,4.64,187,5,162,20,10.7
505,118,2016,Österreich,Wien,23,1,21,1,4.35,662,14,580,68,10.27
506,119,2016,Pakistan,Islamabad,8216,74,5612,2530,30.79,3266,36,2770,460,14.08
507,120,2016,Pakistan,Karachi,9984,186,7903,1895,18.98,687,10,617,60,8.73
508,121,2016,Gesamt Pakistan,,18200,260,13515,4425,24.31,3953,46,3387,520,13.15
509,122,2016,Palästinensische Gebiete,Ramallah,4025,52,3808,165,4.1,1002,24,776,202,20.16
510,123,2016,Panama,Panama,58,2,55,1,1.72,67,2,63,2,2.99
511,124,2016,Paraguay,Asunción,22,0,22,0,0.0,210,9,195,6,2.86
512,125,2016,Peru,Lima,1312,29,1252,31,2.36,898,35,800,63,7.02
513,126,2016,Philippinen,Manila,16176,34,14757,1385,8.56,2611,61,2228,322,12.33
514,127,2016,Polen,Warschau,31,6,23,2,6.45,707,7,621,79,11.17
515,128,2016,Portugal,Lissabon,0,0,0,0,,93,0,93,0,0.0
516,129,2016,Ruanda,Kigali,42,0,42,0,0.0,144,3,129,12,8.33
517,130,2016,Rumänien,Bukarest,614,6,580,28,4.56,114,3,97,14,12.28
518,131,2016,Russische Föderation,Jekaterinburg,26258,69,25687,502,1.91,1181,20,1079,82,6.94
519,132,2016,Russische Föderation,Kaliningrad,25487,23,25045,419,1.64,523,15,490,18,3.44
520,133,2016,Russische Föderation,Moskau,167341,1064,162626,3651,2.18,8092,143,7448,501,6.19
521,134,2016,Russische Föderation,Nowosibirsk,27242,19,26628,595,2.18,2167,15,2074,78,3.6
522,135,2016,Russische Föderation,St Petersburg,17994,19,17883,92,0.51,1960,19,1884,57,2.91
523,136,2016,Gesamt Russische Föderation,,264322,1194,257869,5259,1.99,13923,212,12975,736,5.29
524,137,2016,Sambia,Lusaka,789,11,747,31,3.93,101,4,95,2,1.98
525,138,2016,Saudi-Arabien,Djidda,15668,85,15461,122,0.78,211,15,185,11,5.21
526,139,2016,Saudi-Arabien,Riad,49353,224,45622,3507,7.11,1297,34,877,386,29.76
527,140,2016,Gesamt Saudi-Arabien,,65021,309,61083,3629,5.58,1508,49,1062,397,26.33
528,141,2016,Schweden,Stockholm,0,0,0,0,,212,7,198,7,3.3
529,142,2016,Schweiz,Bern,18,2,16,0,0.0,566,50,480,36,6.36
530,143,2016,Senegal,Dakar,2537,18,1615,904,35.63,460,2,374,84,18.26
531,144,2016,Serbien,Belgrad,1050,2,1027,21,2.0,11562,56,10352,1154,9.98
532,145,2016,Simbabwe,Harare,1247,23,1077,147,11.79,239,10,215,14,5.86
533,146,2016,Singapur,Singapur,4303,14,4231,58,1.35,1090,14,1035,41,3.76
534,147,2016,Slowakei,Pressburg,0,0,0,0,,19,0,18,1,5.26
535,148,2016,Slowenien,Laibach,8,2,6,0,0.0,2590,76,1807,707,27.3
536,149,2016,Spanien,Madrid,106,3,99,4,3.77,427,21,402,4,0.94
537,150,2016,Sri Lanka,Colombo,7101,37,6181,883,12.43,548,6,441,101,18.43
538,151,2016,Südafrika,Kapstadt,9690,34,9584,72,0.74,374,4,352,18,4.81
539,152,2016,Südafrika,Pretoria,19131,46,18871,214,1.12,722,24,636,62,8.59
540,153,2016,Gesamt Südafrika,,28821,80,28455,286,0.99,1096,28,988,80,7.3
541,154,2016,Sudan,Khartum,1694,8,1570,116,6.85,377,2,313,62,16.45
542,155,2016,Tadschikistan,Duschanbe,3715,129,3367,219,5.9,494,25,424,45,9.11
543,156,2016,Taiwan,Taipei,246,15,208,23,9.35,1991,68,1921,2,0.1
544,157,2016,Tansania,Daressalam,2370,28,2258,84,3.54,1171,10,1125,36,3.07
545,158,2016,Thailand,Bangkok,54894,45,53435,1414,2.58,3540,59,3266,215,6.07
546,159,2016,Togo,Lomé,1027,4,796,227,22.1,370,10,306,54,14.59
547,160,2016,Trinidad und Tobago,Port-of-Spain,222,0,198,24,10.81,57,1,50,6,10.53
548,161,2016,Tschechische Republik,Prag,1,0,1,0,0.0,352,1,329,22,6.25
549,162,2016,Tunesien,Tunis,19787,108,16993,2686,13.57,4927,59,3482,1386,28.13
550,163,2016,Türkei,Ankara,69061,107,62814,6140,8.89,19273,138,16933,2202,11.43
551,164,2016,Türkei,Istanbul,126383,230,118025,8128,6.43,22009,312,20298,1399,6.36
552,165,2016,Türkei,Izmir,39305,79,37565,1661,4.23,6310,60,5809,441,6.99
553,166,2016,Gesamt Türkei,,234749,416,218404,15929,6.79,47592,510,43040,4042,8.49
554,167,2016,Turkmenistan,Aschgabat,3719,26,3574,119,3.2,115,4,89,22,19.13
555,168,2016,Uganda,Kampala,2602,47,2273,282,10.84,317,5,249,63,19.87
556,169,2016,Ukraine,Kiew,104495,237,98834,5424,5.19,9637,111,8508,1018,10.56
557,170,2016,Ungarn,Budapest,0,0,0,0,,116,5,94,17,14.66
558,171,2016,Uruguay,Montevideo,15,2,12,1,6.67,86,3,82,1,1.16
559,172,2016,USA,Atlanta,1348,18,1317,13,0.96,218,13,201,4,1.83
560,173,2016,USA,Boston,1605,2,1599,4,0.25,191,7,181,3,1.57
561,174,2016,USA,Chicago,2854,40,2805,9,0.32,348,16,329,3,0.86
562,175,2016,USA,Houston,1643,17,1573,53,3.23,180,9,167,4,2.22
563,176,2016,USA,Los Angeles,1753,20,1723,10,0.57,202,15,178,9,4.46
564,177,2016,USA,Miami,804,14,787,3,0.37,78,7,70,1,1.28
565,178,2016,USA,New York,3273,30,3164,79,2.41,378,19,356,3,0.79
566,179,2016,USA,San Francisco,2819,13,2790,16,0.57,224,17,205,2,0.89
567,180,2016,USA,Washington,1319,47,1240,32,2.43,662,17,644,1,0.15
568,181,2016,Gesamt USA,,17418,201,16998,219,1.26,2481,120,2331,30,1.21
569,182,2016,Usbekistan,Taschkent,8779,21,8355,403,4.59,562,18,505,39,6.94
570,183,2016,VAE,Abu Dhabi,6217,57,5596,564,9.07,681,28,448,205,30.1
571,184,2016,VAE,Dubai,26967,180,22586,4201,15.58,1106,11,779,316,28.57
572,185,2016,Gesamt VAE,,33184,237,28182,4765,14.36,1787,39,1227,521,29.16
573,186,2016,Venezuela,Caracas,215,0,183,32,14.88,526,0,499,27,5.13
574,187,2016,Vietnam,Hanoi,9593,34,8156,1403,14.63,3188,79,2502,607,19.04
575,188,2016,Vietnam,Ho-Chi-Minh-Stadt,8454,50,7730,674,7.97,1583,44,1205,334,21.1
576,189,2016,Gesamt Vietnam,,18047,84,15886,2077,11.51,4771,123,3707,941,19.72
577,190,2016,Weißrussland,Minsk,41240,31,40991,218,0.53,1514,16,1397,101,6.67
578,191,2016,Zypern,Nikosia,1967,6,1748,213,10.83,45,6,26,13,28.89
579,192,2016,Gesamt,Welt,2013025,6501,1883867,122657,6.09,316363,4571,278252,33540,10.60
580,0,2017,Afghanistan,Kabul,1079,20,586,473,43.84,1789,24,1426,339,18.95
581,1,2017,Ägypten,Kairo,33836,91,29067,4678,13.83,6150,105,5035,1010,16.42
582,2,2017,Albanien,Tirana,121,1,115,5,4.13,7294,101,5316,1877,25.73
583,3,2017,Algerien,Algier,5375,21,4036,1318,24.52,854,23,623,208,24.36
584,4,2017,Angola,Luanda,1859,6,1095,758,40.77,35,0,32,3,8.57
585,5,2017,Argentinien,Buenos Aires,89,1,85,3,3.37,1486,22,1451,13,0.87
586,6,2017,Armenien,Eriwan,15077,135,13777,1165,7.73,825,17,737,71,8.61
587,7,2017,Aserbaidschan,Baku,13221,27,11406,1788,13.52,1033,24,861,148,14.33
588,8,2017,Äthiopien,Addis Abeba,4099,8,2990,1101,26.86,1175,13,659,503,42.81
589,9,2017,Australien,Canberra,0,0,0,0,0,12,0,12,0,0.0
590,10,2017,Australien,Sydney,72,0,71,1,1.39,609,14,594,1,0.16
591,11,2017,Gesamt Australien,,72,0,71,1,1.39,621,14,606,1,0.16
592,12,2017,Bahrain,Manama,8282,20,8150,112,1.35,116,7,87,22,18.97
593,13,2017,Bangladesch,Dhaka,6012,15,4870,1127,18.75,1060,30,905,125,11.79
594,14,2017,Belgien,Brüssel,1,0,0,1,100.0,288,11,247,30,10.42
595,15,2017,Benin,Cotonou,855,18,645,192,22.46,145,6,108,31,21.38
596,16,2017,Bolivien,La Paz,1683,9,1643,31,1.84,329,9,319,1,0.3
597,17,2017,Bosnien und Herzegowina,Sarajewo,162,1,135,26,16.05,17333,95,15311,1927,11.12
598,18,2017,Botsuana,Gaborone,1611,3,1599,9,0.56,38,0,38,0,0.0
599,19,2017,Brasilien,Porto Alegre,20,0,13,7,35.0,558,16,508,34,6.09
600,20,2017,Brasilien,Recife,13,0,13,0,0.0,237,10,202,25,10.55
601,21,2017,Brasilien,Rio de Janeiro,41,4,36,1,2.44,520,23,468,29,5.58
602,22,2017,Brasilien,São Paulo,124,0,101,23,18.55,1343,4,1310,29,2.16
603,23,2017,Gesamt Brasilien,,198,4,163,31,15.66,2658,53,2488,117,4.4
604,24,2017,Bulgarien,Sofia,855,5,833,17,1.99,123,0,109,14,11.38
605,25,2017,Burkina Faso,Ouagadougou,1391,10,1161,220,15.82,175,3,158,14,8.0
606,26,2017,Chile,Santiago de Chile,138,14,122,2,1.45,1676,147,1494,35,2.09
607,27,2017,China,Chengdu,19936,95,19438,403,2.02,1798,12,1697,89,4.95
608,28,2017,China,Hongkong,2077,0,2074,3,0.14,971,13,940,18,1.85
609,29,2017,China,Kanton,75872,93,73740,2039,2.69,2585,42,2441,102,3.95
610,30,2017,China,Peking,134728,143,126070,8515,6.32,10206,82,9719,405,3.97
611,31,2017,China,Shanghai,158160,107,155829,2224,1.41,8652,79,7867,706,8.16
612,32,2017,China,Shenyang,18717,12,18473,232,1.24,1483,11,1398,74,4.99
613,33,2017,Gesamt China,,409490,450,395624,13416,3.28,25695,239,24062,1394,5.43
614,34,2017,Costa Rica,San José,48,4,44,0,0.0,323,0,312,11,3.41
615,35,2017,Côte d'Ivoire,Abidjan,2253,9,1672,572,25.39,302,6,190,106,35.1
616,36,2017,Dänemark,Kopenhagen,0,0,0,0,,267,5,238,24,8.99
617,37,2017,Dominikanische Republik,Santo Domingo,3201,2,2460,739,23.09,492,2,376,114,23.17
618,38,2017,Ecuador,Quito,5108,29,4420,659,12.9,743,18,649,76,10.23
619,39,2017,El Salvador,San Salvador,6,0,6,0,0.0,40,0,39,1,2.5
620,40,2017,Estland,Tallinn,3,0,3,0,0.0,49,3,44,2,4.08
621,41,2017,Finnland,Helsinki,0,0,0,0,,234,17,213,4,1.71
622,42,2017,Frankreich,Paris,8,0,8,0,0.0,1072,0,1033,39,3.64
623,43,2017,Georgien,Tiflis,4493,49,4073,371,8.26,1940,17,1761,162,8.35
624,44,2017,Ghana,Accra,6329,21,4194,2114,33.4,1203,34,845,324,26.93
625,45,2017,Griechenland,Athen,6,0,6,0,0.0,1135,10,1030,95,8.37
626,46,2017,Großbritannien,Edinburgh,2977,39,2916,22,0.74,99,5,92,2,2.02
627,47,2017,Großbritannien,London,24424,70,23992,362,1.48,1027,7,996,24,2.34
628,48,2017,Gesamt Großbritannien,,27401,109,26908,384,1.4,1126,12,1088,26,2.31
629,49,2017,Guatemala,Guatemala-Stadt,103,3,99,1,0.97,143,3,139,1,0.7
630,50,2017,Guinea,Conakry,2743,15,1401,1327,48.38,344,13,245,86,25.0
631,51,2017,Honduras,Tegucigalpa,13,0,13,0,0.0,28,0,26,2,7.14
632,52,2017,Indien,Bangalore,31504,23,29200,2281,7.24,9539,82,9241,216,2.26
633,53,2017,Indien,Chennai,20585,0,19181,1404,6.82,6311,43,5785,483,7.65
634,54,2017,Indien,Kalkutta,6900,16,6473,411,5.96,1074,16,995,63,5.87
635,55,2017,Indien,Mumbai,53717,196,51766,1755,3.27,6183,105,5396,682,11.03
636,56,2017,Indien,New Delhi,42072,70,37312,4690,11.15,5063,45,4518,500,9.88
637,57,2017,Gesamt Indien,,154778,305,143932,10541,6.81,28170,291,25935,1944,6.9
638,58,2017,Indonesien,Jakarta,26262,43,26039,180,0.69,3518,48,3176,294,8.36
639,59,2017,Irak,Bagdad,4760,35,3661,1064,22.35,131,7,108,16,12.21
640,60,2017,Irak,Erbil,22247,182,11435,10630,47.78,8620,91,7435,1094,12.69
641,61,2017,Gesamt Irak,,27007,217,15096,11694,43.3,8751,98,7543,1110,12.68
642,62,2017,Iran,Teheran,52518,292,45082,7144,13.6,5586,121,4651,814,14.57
643,63,2017,Irland,Dublin,1256,7,1192,57,4.54,96,3,87,6,6.25
644,64,2017,Island,Reykjavik,1,0,1,0,0,0,0,0,0,0
645,65,2017,Israel,Tel Aviv,1012,40,967,5,0.49,484,26,398,60,12.4
646,66,2017,Italien,Rom,31,0,30,1,3.23,1139,30,902,207,18.17
647,67,2017,Jamaika,Kingston,1306,17,1213,76,5.82,60,0,58,2,3.33
648,68,2017,Japan,Osaka-Kobe,804,10,772,22,2.74,415,20,395,0,0.0
649,69,2017,Japan,Tokyo,1591,8,1583,0,0.0,700,18,678,4,0.57
650,70,2017,Gesamt Japan,,2395,18,2355,22,0.92,1115,38,1073,4,0.36
651,71,2017,Jordanien,Amman,9508,40,8529,939,9.88,4955,78,3977,900,18.16
652,72,2017,Kambodscha,Phnom Penh,2478,3,2354,121,4.88,94,1,80,13,13.83
653,73,2017,Kamerun,Jaunde,4703,44,3044,1615,34.34,1460,24,851,585,40.07
654,74,2017,Kanada,Toronto,2224,32,2153,39,1.75,1020,31,971,18,1.76
655,75,2017,Kanada,Vancouver,0,0,0,0,0,0,0,0,0,0
656,76,2017,Gesamt Kanada,,2224,32,2153,39,1.75,1020,31,971,18,1.76
657,77,2017,Kasachstan,Almaty,18751,29,18114,608,3.24,1094,7,1019,68,6.22
658,78,2017,Kasachstan,Astana,20030,100,19363,567,2.83,2886,18,2795,73,2.53
659,79,2017,Gesamt Kasachstan,,38781,129,37477,1175,3.03,3980,25,3814,141,3.54
660,80,2017,Katar,Doha,21602,49,20577,976,4.52,253,18,187,48,18.97
661,81,2017,Kenia,Nairobi,5696,47,4861,788,13.83,1394,15,1057,322,23.1
662,82,2017,Kirgisistan,Bischkek,8667,74,8144,449,5.18,733,11,623,99,13.51
663,83,2017,Kolumbien,Bogotá,122,2,117,3,2.46,2945,52,2763,130,4.41
664,84,2017,Kongo,Kinshasa,134,0,133,1,0.75,77,2,75,0,0.0
665,85,2017,Korea,Seoul,858,13,711,134,15.62,3173,43,3087,43,1.36
666,86,2017,"Korea, DVR",Pjöngjang,154,12,93,49,31.82,13,0,10,3,23.08
667,87,2017,Kosovo,Pristina,29866,28,23741,6097,20.41,18626,308,11960,6358,34.14
668,88,2017,Kroatien,Zagreb,204,2,200,2,0.98,81,1,60,20,24.69
669,89,2017,Kuba,Havanna,4357,21,3451,885,20.31,570,8,492,70,12.28
670,90,2017,Kuwait,Kuwait,50208,83,47889,2236,4.45,291,8,151,132,45.36
671,91,2017,Laos,Vientiane,1653,1,1634,18,1.09,28,1,25,2,7.14
672,92,2017,Lettland,Riga,0,0,0,0,,198,4,166,28,14.14
673,93,2017,Libanon,Beirut,10613,23,8433,2157,20.32,24389,72,21147,3170,13.0
674,94,2017,Litauen,Wilna,1,0,1,0,0.0,83,1,80,2,2.41
675,95,2017,Luxemburg,Luxemburg,1,0,1,0,0.0,68,0,66,2,2.94
676,96,2017,Malaysia,Kuala Lumpur,746,9,688,49,6.57,1097,25,973,99,9.02
677,97,2017,Mali,Bamako,1010,0,755,255,25.25,65,1,57,7,10.77
678,98,2017,Malta,Valletta,1,0,1,0,0.0,34,1,21,12,35.29
679,99,2017,Marokko,Rabat,17499,9,12794,4696,26.84,3866,20,2837,1009,26.1
680,100,2017,Mauretanien,Nouakchott,981,7,767,207,21.1,38,0,33,5,13.16
681,101,2017,Mazedonien,Skopje,170,2,168,0,0.0,8494,26,7470,998,11.75
682,102,2017,Mexiko,Mexiko-Stadt,307,3,303,1,0.33,4824,57,4629,138,2.86
683,103,2017,Moldau,Chisinau,223,6,211,6,2.69,362,20,317,25,6.91
684,104,2017,Mongolei,Ulan Bator,10557,82,9210,1265,11.98,644,21,534,89,13.82
685,105,2017,Montenegro,Podgorica,317,0,291,26,8.2,1558,8,1288,262,16.82
686,106,2017,Mosambik,Maputo,1076,6,994,76,7.06,68,1,63,4,5.88
687,107,2017,Myanmar,Rangun,4413,10,4309,94,2.13,92,5,85,2,2.17
688,108,2017,Namibia,Windhuk,5037,75,4932,30,0.6,121,15,94,12,9.92
689,109,2017,Nepal,Kathmandu,5259,12,4180,1067,20.29,1629,20,1004,605,37.14
690,110,2017,Neuseeland,Wellington,424,5,410,9,2.12,229,7,213,9,3.93
691,111,2017,Nicaragua,Managua,13,0,13,0,0.0,111,1,108,2,1.8
692,112,2017,Niederlande,Amsterdam,15,0,15,0,0.0,592,12,578,2,0.34
693,113,2017,Nigeria,Abuja,1133,21,1089,23,2.03,72,5,67,0,0.0
694,114,2017,Nigeria,Lagos,11290,8,5626,5656,50.1,1375,54,1041,280,20.36
695,115,2017,Gesamt Nigeria,,12423,29,6715,5679,45.71,1447,59,1108,280,19.35
696,116,2017,Norwegen,Oslo,0,0,0,0,0,61,2,59,0,0.0
697,117,2017,Oman,Maskat,9430,10,9105,315,3.34,528,3,509,16,3.03
698,118,2017,Österreich,Wien,26,0,26,0,0.0,864,12,803,49,5.67
699,119,2017,Pakistan,Islamabad,8623,94,5709,2820,32.7,3214,45,2481,688,21.41
700,120,2017,Pakistan,Karachi,11610,146,9498,1966,16.93,844,21,767,56,6.64
701,121,2017,Gesamt Pakistan,,20233,240,15207,4786,23.65,4058,66,3248,744,18.33
702,122,2017,Palästinensische Gebiete,Ramallah,4533,38,4154,341,7.52,925,37,653,235,25.41
703,123,2017,Panama,Panama,68,3,58,7,10.29,97,3,91,3,3.09
704,124,2017,Paraguay,Asunción,21,0,21,0,0.0,216,8,203,5,2.31
705,125,2017,Peru,Lima,51,8,43,0,0.0,1051,93,897,61,5.8
706,126,2017,Philippinen,Manila,17671,22,16161,1488,8.42,2831,46,2319,466,16.46
707,127,2017,Polen,Warschau,14,0,14,0,0.0,1112,27,955,130,11.69
708,128,2017,Portugal,Lissabon,2,0,2,0,0.0,82,0,82,0,0.0
709,129,2017,Ruanda,Kigali,114,11,100,3,2.63,149,9,128,12,8.05
710,130,2017,Rumänien,Bukarest,646,11,586,49,7.59,148,5,112,31,20.95
711,131,2017,Russische Föderation,Jekaterinburg,29021,41,28148,832,2.87,1224,16,1107,101,8.25
712,132,2017,Russische Föderation,Kaliningrad,27962,25,27380,557,1.99,633,6,608,19,3.0
713,133,2017,Russische Föderation,Moskau,188316,662,182946,4708,2.5,7756,143,7063,550,7.09
714,134,2017,Russische Föderation,Nowosibirsk,35452,25,34810,617,1.74,2126,6,2035,85,4.0
715,135,2017,Russische Föderation,St Petersburg,20339,17,20198,124,0.61,1956,20,1873,63,3.22
716,136,2017,Gesamt Russische Föderation,,301090,770,293482,6838,2.27,13695,191,12686,818,5.97
717,137,2017,Sambia,Lusaka,1028,30,940,58,5.64,113,3,100,10,8.85
718,138,2017,Saudi-Arabien,Djidda,17682,162,17419,101,0.57,179,21,135,23,12.85
719,139,2017,Saudi-Arabien,Riad,49652,268,46763,2621,5.28,1407,54,970,383,27.22
720,140,2017,Gesamt Saudi-Arabien,,67334,430,64182,2722,4.04,1586,75,1105,406,25.6
721,141,2017,Schweden,Stockholm,3,0,3,0,0.0,252,4,230,18,7.14
722,142,2017,Schweiz,Bern,20,2,18,0,0.0,548,23,504,21,3.83
723,143,2017,Senegal,Dakar,2788,6,1769,1013,36.33,572,5,439,128,22.38
724,144,2017,Serbien,Belgrad,1202,5,1149,48,3.99,14607,67,12653,1887,12.92
725,145,2017,Simbabwe,Harare,1458,20,1233,205,14.06,414,20,361,33,7.97
726,146,2017,Singapur,Singapur,4775,10,4720,45,0.94,1152,13,1108,31,2.69
727,147,2017,Slowakei,Pressburg,0,0,0,0,,45,3,34,8,17.78
728,148,2017,Slowenien,Laibach,4,4,0,0,0.0,634,36,382,216,34.07
729,149,2017,Spanien,Madrid,75,3,70,2,2.67,435,7,420,8,1.84
730,150,2017,Sri Lanka,Colombo,7543,28,6337,1178,15.62,668,15,501,152,22.75
731,151,2017,Südafrika,Kapstadt,11292,46,11123,123,1.09,428,18,392,18,4.21
732,152,2017,Südafrika,Pretoria,20431,52,20139,240,1.17,900,26,817,57,6.33
733,153,2017,Gesamt Südafrika,,31723,98,31262,363,1.14,1328,44,1209,75,5.65
734,154,2017,Sudan,Khartum,2386,29,1943,414,17.35,599,14,434,151,25.21
735,155,2017,Tadschikistan,Duschanbe,4026,167,3428,431,10.71,630,51,538,41,6.51
736,156,2017,Taiwan,Taipei,286,13,240,33,11.54,2344,95,2030,219,9.34
737,157,2017,Tansania,Daressalam,2600,29,2459,112,4.31,955,14,816,125,13.09
738,158,2017,Thailand,Bangkok,58492,74,56896,1522,2.6,3889,37,3602,250,6.43
739,159,2017,Togo,Lomé,1360,16,974,370,27.21,491,5,392,94,19.14
740,160,2017,Trinidad und Tobago,Port-of-Spain,307,5,289,13,4.23,51,0,43,8,15.69
741,161,2017,Tschechische Republik,Prag,1,0,1,0,0.0,458,3,426,29,6.33
742,162,2017,Tunesien,Tunis,21097,149,16782,4166,19.75,4899,50,3272,1577,32.19
743,163,2017,Türkei,Ankara,74683,101,64090,10492,14.05,22676,110,17988,4578,20.19
744,164,2017,Türkei,Istanbul,128436,232,114653,13551,10.55,26650,595,22528,3527,13.23
745,165,2017,Türkei,Izmir,39477,105,36884,2488,6.3,6599,118,5675,806,12.21
746,166,2017,Gesamt Türkei,,242596,438,215627,26531,10.94,55925,823,46191,8911,15.93
747,167,2017,Turkmenistan,Aschgabat,3883,21,3761,101,2.6,109,2,92,15,13.76
748,168,2017,Uganda,Kampala,3309,33,2979,297,8.98,382,6,296,80,20.94
749,169,2017,Ukraine,Kiew,54624,189,52987,1448,2.65,9581,115,8227,1239,12.93
750,170,2017,Ungarn,Budapest,15,7,8,0,0.0,145,5,108,32,22.07
751,171,2017,Uruguay,Montevideo,9,0,9,0,0.0,132,6,121,5,3.79
752,172,2017,USA,Atlanta,1175,10,1149,16,1.36,219,15,198,6,2.74
753,173,2017,USA,Boston,1628,2,1620,6,0.37,239,4,231,4,1.67
754,174,2017,USA,Chicago,2725,40,2677,8,0.29,480,16,463,1,0.21
755,175,2017,USA,Houston,1619,25,1556,38,2.35,180,12,162,6,3.33
756,176,2017,USA,Los Angeles,1343,27,1312,4,0.3,97,17,80,0,0.0
757,177,2017,USA,Miami,789,17,764,8,1.01,189,5,178,6,3.17
758,178,2017,USA,New York,3860,28,3744,88,2.28,586,19,556,11,1.88
759,179,2017,USA,San Francisco,3139,24,3094,21,0.67,299,30,268,1,0.33
760,180,2017,USA,Washington,1275,74,1166,35,2.75,718,53,659,6,0.84
761,181,2017,Gesamt USA,,17553,247,17082,224,1.28,3007,171,2795,41,1.36
762,182,2017,Usbekistan,Taschkent,9685,27,9085,573,5.92,671,29,577,65,9.69
763,183,2017,VAE,Abu Dhabi,3367,58,3096,213,6.33,159,13,134,12,7.55
764,184,2017,VAE,Dubai,26532,136,22273,4123,15.54,1451,34,1087,330,22.74
765,185,2017,Gesamt VAE,,29899,194,25369,4336,14.5,1610,47,1221,342,21.24
766,186,2017,Venezuela,Caracas,53,0,47,6,11.32,596,7,538,51,8.56
767,187,2017,Vietnam,Hanoi,10877,32,9061,1784,16.4,3363,34,2690,639,19.0
768,188,2017,Vietnam,Ho-Chi-Minh-Stadt,8073,40,7198,835,10.34,1289,49,1115,125,9.7
769,189,2017,Gesamt Vietnam,,18950,72,16259,2619,13.82,4652,83,3805,764,16.42
770,190,2017,Weißrussland,Minsk,36517,19,36222,276,0.76,1384,12,1264,108,7.8
771,191,2017,Zypern,Nikosia,1818,9,1658,151,8.31,50,1,46,3,6.0
772,192,2017,Gesamt,Welt,2057406,6384,1894433,156589,7.61,359691,5133,305802,48756,13.55
